{
  "episode_id": 21,
  "total_steps": 20,
  "total_reward": -335.56937101199554,
  "success": false,
  "timestamp": 1776883302.960574
}