{
  "episode_id": 26,
  "total_steps": 20,
  "total_reward": -333.10350325839863,
  "success": false,
  "timestamp": 1776883303.036742
}