{
  "episode_id": 14,
  "total_steps": 20,
  "total_reward": -346.54504522942557,
  "success": false,
  "timestamp": 1777037631.350626
}