{
  "episode_id": 16,
  "total_steps": 20,
  "total_reward": -327.39077520806666,
  "success": false,
  "timestamp": 1776883302.888111
}