{
  "episode_id": 10000,
  "total_steps": 20,
  "total_reward": -460.3444112384479,
  "success": false,
  "timestamp": 1776880870.145696
}