{
  "episode_id": 27,
  "total_steps": 20,
  "total_reward": -254.5716153468282,
  "success": false,
  "timestamp": 1777037631.56285
}