{
  "episode_id": 33,
  "total_steps": 20,
  "total_reward": -228.73217922260926,
  "success": false,
  "timestamp": 1777037631.6605718
}