{
  "episode_id": 10005,
  "total_steps": 20,
  "total_reward": -239.99978512471313,
  "success": false,
  "timestamp": 1776960989.559903
}