{
  "episode_id": 51,
  "total_steps": 20,
  "total_reward": -280.27605805396644,
  "success": false,
  "timestamp": 1777037631.957692
}