{
  "episode_id": 2,
  "total_steps": 20,
  "total_reward": -284.3290968165825,
  "success": false,
  "timestamp": 1776884732.798402
}