{
  "episode_id": 96,
  "total_steps": 20,
  "total_reward": -255.785374555547,
  "success": false,
  "timestamp": 1777037632.702948
}