{
  "episode_id": 118,
  "total_steps": 20,
  "total_reward": -310.24746337912626,
  "success": false,
  "timestamp": 1777037633.065374
}