{
  "episode_id": 10,
  "total_steps": 20,
  "total_reward": -337.2092155474329,
  "success": false,
  "timestamp": 1777037631.283314
}