{
  "episode_id": 40,
  "total_steps": 20,
  "total_reward": -284.5517203677147,
  "success": false,
  "timestamp": 1777037631.777079
}