{
  "episode_id": 2,
  "total_steps": 20,
  "total_reward": -337.7515900272363,
  "success": false,
  "timestamp": 1777037631.1480682
}