{
  "episode_id": 82,
  "total_steps": 20,
  "total_reward": -334.3243478638595,
  "success": false,
  "timestamp": 1777037632.4700139
}