{
  "episode_id": 92,
  "total_steps": 20,
  "total_reward": -282.5948671719829,
  "success": false,
  "timestamp": 1777037632.637453
}