{
  "episode_id": 47,
  "total_steps": 20,
  "total_reward": -277.5914034568699,
  "success": false,
  "timestamp": 1777037631.8911161
}