{
  "episode_id": 10003,
  "total_steps": 20,
  "total_reward": -251.67647175669288,
  "success": false,
  "timestamp": 1776965914.4241443
}