{
  "episode_id": 17,
  "total_steps": 20,
  "total_reward": -308.81491808012396,
  "success": false,
  "timestamp": 1776883302.902551
}