{
  "episode_id": 20,
  "total_steps": 20,
  "total_reward": -210.11758990434157,
  "success": false,
  "timestamp": 1777037631.448149
}