{
  "episode_id": 94,
  "total_steps": 20,
  "total_reward": -316.8659871846294,
  "success": false,
  "timestamp": 1777037632.670399
}