{
  "episode_id": 113,
  "total_steps": 20,
  "total_reward": -336.16583054023647,
  "success": false,
  "timestamp": 1777037632.982526
}