{
  "episode_id": 20,
  "total_steps": 20,
  "total_reward": -333.54995844407955,
  "success": false,
  "timestamp": 1776883302.946162
}