{
  "episode_id": 34,
  "total_steps": 20,
  "total_reward": -231.61636804692478,
  "success": false,
  "timestamp": 1777037631.6768708
}