{
  "episode_id": 50,
  "total_steps": 20,
  "total_reward": -282.4187129295136,
  "success": false,
  "timestamp": 1777037631.9399428
}