{
  "episode_id": 55,
  "total_steps": 20,
  "total_reward": -279.5880760339339,
  "success": false,
  "timestamp": 1777037632.02525
}