{
  "episode_id": 69,
  "total_steps": 20,
  "total_reward": -334.590109796127,
  "success": false,
  "timestamp": 1777037632.2554839
}