{
  "episode_id": 18,
  "total_steps": 20,
  "total_reward": -323.79350914130305,
  "success": false,
  "timestamp": 1777037631.414798
}