{
  "episode_id": 10002,
  "total_steps": 20,
  "total_reward": -266.9235060700278,
  "success": false,
  "timestamp": 1776965916.9078581
}