{
  "episode_id": 42,
  "total_steps": 20,
  "total_reward": -276.5278309827722,
  "success": false,
  "timestamp": 1777037631.8105202
}