{
  "episode_id": 80,
  "total_steps": 20,
  "total_reward": -307.6871740881714,
  "success": false,
  "timestamp": 1777037632.4355688
}