{
  "episode_id": 11,
  "total_steps": 20,
  "total_reward": -313.53065284228904,
  "success": false,
  "timestamp": 1777037631.29983
}