{
  "episode_id": 79,
  "total_steps": 20,
  "total_reward": -282.6712050082306,
  "success": false,
  "timestamp": 1777037632.4193149
}