{
  "episode_id": 36,
  "total_steps": 20,
  "total_reward": -236.32238301999723,
  "success": false,
  "timestamp": 1777037631.711654
}