{
  "episode_id": 102,
  "total_steps": 20,
  "total_reward": -335.13374839655665,
  "success": false,
  "timestamp": 1777037632.802009
}