{
  "episode_id": 78,
  "total_steps": 20,
  "total_reward": -335.330185153706,
  "success": false,
  "timestamp": 1777037632.402988
}