{
  "episode_id": 45,
  "total_steps": 20,
  "total_reward": -250.45006657764262,
  "success": false,
  "timestamp": 1777037631.859095
}