{
  "episode_id": 48,
  "total_steps": 20,
  "total_reward": -279.7691983574081,
  "success": false,
  "timestamp": 1777037631.907379
}