{
  "episode_id": 52,
  "total_steps": 20,
  "total_reward": -329.0039765326002,
  "success": false,
  "timestamp": 1777037631.97524
}