{
  "episode_id": 97,
  "total_steps": 20,
  "total_reward": -282.0548624056462,
  "success": false,
  "timestamp": 1777037632.7200708
}