{
  "episode_id": 10004,
  "total_steps": 20,
  "total_reward": -235.0061902289494,
  "success": false,
  "timestamp": 1776962408.73164
}