{
  "episode_id": 24,
  "total_steps": 20,
  "total_reward": -234.10273467820116,
  "success": false,
  "timestamp": 1777037631.513806
}