{
  "episode_id": 62,
  "total_steps": 20,
  "total_reward": -293.0552189861428,
  "success": false,
  "timestamp": 1777037632.13913
}