{
  "episode_id": 115,
  "total_steps": 20,
  "total_reward": -337.5070027144486,
  "success": false,
  "timestamp": 1777037633.01646
}