{
  "episode_id": 10008,
  "total_steps": 20,
  "total_reward": -229.9330184799097,
  "success": false,
  "timestamp": 1776962408.8275242
}