{
  "episode_id": 0,
  "total_steps": 20,
  "total_reward": -496.74689492063095,
  "success": false,
  "timestamp": 1776700858.307623
}