{
  "episode_id": 0,
  "total_steps": 20,
  "total_reward": -290.7243836117916,
  "success": false,
  "timestamp": 1776880869.7986271
}