{
  "episode_id": 41,
  "total_steps": 20,
  "total_reward": -306.43050687637333,
  "success": false,
  "timestamp": 1777037631.793822
}