{
  "episode_id": 85,
  "total_steps": 20,
  "total_reward": -279.71813512248207,
  "success": false,
  "timestamp": 1777037632.5219479
}