{
  "episode_id": 86,
  "total_steps": 20,
  "total_reward": -275.9311091911907,
  "success": false,
  "timestamp": 1777037632.5383208
}