{
  "episode_id": 99,
  "total_steps": 20,
  "total_reward": -253.299514656405,
  "success": false,
  "timestamp": 1777037632.753091
}