{
  "episode_id": 104,
  "total_steps": 20,
  "total_reward": -335.71671928762777,
  "success": false,
  "timestamp": 1777037632.83448
}