{
  "episode_id": 119,
  "total_steps": 20,
  "total_reward": -335.1902386077939,
  "success": false,
  "timestamp": 1777037633.081376
}