{
  "episode_id": 8,
  "total_steps": 20,
  "total_reward": -334.1471279472881,
  "success": false,
  "timestamp": 1776883302.773466
}