{
  "episode_id": 108,
  "total_steps": 20,
  "total_reward": -311.1563624404685,
  "success": false,
  "timestamp": 1777037632.899492
}