{
  "episode_id": 87,
  "total_steps": 20,
  "total_reward": -307.8600983288785,
  "success": false,
  "timestamp": 1777037632.5544572
}