{
  "episode_id": 10009,
  "total_steps": 20,
  "total_reward": -241.8340792920619,
  "success": false,
  "timestamp": 1776965915.0961812
}