{
  "episode_id": 23,
  "total_steps": 20,
  "total_reward": -254.34200779379782,
  "success": false,
  "timestamp": 1777037631.4976819
}