{
  "episode_id": 100,
  "total_steps": 20,
  "total_reward": -311.03662916292933,
  "success": false,
  "timestamp": 1777037632.76983
}