{
  "episode_id": 15,
  "total_steps": 20,
  "total_reward": -334.6772044259626,
  "success": false,
  "timestamp": 1777037631.36666
}