{
  "episode_id": 103,
  "total_steps": 20,
  "total_reward": -311.2631657161385,
  "success": false,
  "timestamp": 1777037632.8181708
}