{
  "episode_id": 27,
  "total_steps": 20,
  "total_reward": -333.85818232150086,
  "success": false,
  "timestamp": 1776883303.05075
}