{
  "episode_id": 95,
  "total_steps": 20,
  "total_reward": -251.52302850451377,
  "success": false,
  "timestamp": 1777037632.68676
}