{
  "episode_id": 10001,
  "total_steps": 20,
  "total_reward": -460.1302277613014,
  "success": false,
  "timestamp": 1776880870.15184
}