{
  "episode_id": 61,
  "total_steps": 20,
  "total_reward": -263.33688651489643,
  "success": false,
  "timestamp": 1777037632.1230552
}