{
  "episode_id": 2,
  "total_steps": 20,
  "total_reward": -296.73517392530846,
  "success": false,
  "timestamp": 1776880869.8277729
}