{
  "episode_id": 84,
  "total_steps": 20,
  "total_reward": -284.9384165322212,
  "success": false,
  "timestamp": 1777037632.5056121
}