{
  "episode_id": 22,
  "total_steps": 20,
  "total_reward": -347.44442604168125,
  "success": false,
  "timestamp": 1776883302.9749491
}