{
  "episode_id": 7,
  "total_steps": 20,
  "total_reward": -345.3199184125823,
  "success": false,
  "timestamp": 1776883302.7594829
}