{
  "episode_id": 14,
  "total_steps": 20,
  "total_reward": -334.26604274326974,
  "success": false,
  "timestamp": 1776883302.8594718
}