{
  "episode_id": 90,
  "total_steps": 20,
  "total_reward": -280.158391734629,
  "success": false,
  "timestamp": 1777037632.604457
}