{
  "episode_id": 10000,
  "total_steps": 20,
  "total_reward": -312.61760932014477,
  "success": false,
  "timestamp": 1776960990.1473632
}