{
  "episode_id": 21,
  "total_steps": 20,
  "total_reward": -210.96187639974002,
  "success": false,
  "timestamp": 1777037631.465215
}