{
  "episode_id": 93,
  "total_steps": 20,
  "total_reward": -251.60704230731235,
  "success": false,
  "timestamp": 1777037632.6538591
}