{
  "episode_id": 49,
  "total_steps": 20,
  "total_reward": -314.2214517194833,
  "success": false,
  "timestamp": 1777037631.9236019
}