{
  "episode_id": 70,
  "total_steps": 20,
  "total_reward": -337.60592080068267,
  "success": false,
  "timestamp": 1777037632.27174
}