{
  "episode_id": 73,
  "total_steps": 20,
  "total_reward": -262.8408299105587,
  "success": false,
  "timestamp": 1777037632.321853
}