{
  "episode_id": 4,
  "total_steps": 20,
  "total_reward": -294.01772834695953,
  "success": false,
  "timestamp": 1777037631.1828039
}