{
  "episode_id": 76,
  "total_steps": 20,
  "total_reward": -291.1238431186136,
  "success": false,
  "timestamp": 1777037632.370937
}