{
  "episode_id": 9,
  "total_steps": 20,
  "total_reward": -359.7405130431,
  "success": false,
  "timestamp": 1776883302.787422
}