{
  "episode_id": 19,
  "total_steps": 20,
  "total_reward": -364.0208068649177,
  "success": false,
  "timestamp": 1776883302.9316092
}