{
  "episode_id": 59,
  "total_steps": 20,
  "total_reward": -275.65842704527694,
  "success": false,
  "timestamp": 1777037632.090924
}