{
  "episode_id": 63,
  "total_steps": 20,
  "total_reward": -313.548164832478,
  "success": false,
  "timestamp": 1777037632.155263
}