{
  "episode_id": 117,
  "total_steps": 20,
  "total_reward": -307.88835426407593,
  "success": false,
  "timestamp": 1777037633.049212
}