{
  "episode_id": 112,
  "total_steps": 20,
  "total_reward": -364.1750648179598,
  "success": false,
  "timestamp": 1777037632.963955
}