{
  "episode_id": 116,
  "total_steps": 20,
  "total_reward": -306.4127950422625,
  "success": false,
  "timestamp": 1777037633.032973
}