{
  "episode_id": 58,
  "total_steps": 20,
  "total_reward": -362.01146965296147,
  "success": false,
  "timestamp": 1777037632.074784
}