{
  "episode_id": 65,
  "total_steps": 20,
  "total_reward": -305.828993204393,
  "success": false,
  "timestamp": 1777037632.188381
}