{
  "episode_id": 64,
  "total_steps": 20,
  "total_reward": -312.28213522871124,
  "success": false,
  "timestamp": 1777037632.1720161
}