{
  "episode_id": 5,
  "total_steps": 20,
  "total_reward": -335.7478074129012,
  "success": false,
  "timestamp": 1777037631.2000299
}