{
  "episode_id": 75,
  "total_steps": 20,
  "total_reward": -309.915893280543,
  "success": false,
  "timestamp": 1777037632.354774
}