{
  "episode_id": 114,
  "total_steps": 20,
  "total_reward": -362.1864665316076,
  "success": false,
  "timestamp": 1777037632.999613
}