{
  "episode_id": 111,
  "total_steps": 20,
  "total_reward": -312.6528909618963,
  "success": false,
  "timestamp": 1777037632.947914
}