{
  "episode_id": 30,
  "total_steps": 20,
  "total_reward": -311.295805185561,
  "success": false,
  "timestamp": 1776883303.094292
}