{
  "episode_id": 74,
  "total_steps": 20,
  "total_reward": -331.00520988367964,
  "success": false,
  "timestamp": 1777037632.338665
}