{
  "episode_id": 1,
  "total_steps": 20,
  "total_reward": -297.77466451681124,
  "success": false,
  "timestamp": 1776880869.813304
}