{
  "episode_id": 24,
  "total_steps": 20,
  "total_reward": -311.9112594155765,
  "success": false,
  "timestamp": 1776883303.0045812
}