{
  "episode_id": 0,
  "total_steps": 20,
  "total_reward": -309.132505212546,
  "success": false,
  "timestamp": 1777037631.115231
}