{
  "episode_id": 71,
  "total_steps": 20,
  "total_reward": -337.19848126606905,
  "success": false,
  "timestamp": 1777037632.2882528
}