{
  "episode_id": 60,
  "total_steps": 20,
  "total_reward": -292.08552796418564,
  "success": false,
  "timestamp": 1777037632.107053
}