{
  "episode_id": 18,
  "total_steps": 20,
  "total_reward": -311.1585650112491,
  "success": false,
  "timestamp": 1776883302.9169831
}