{
  "episode_id": 105,
  "total_steps": 20,
  "total_reward": -335.51775799921165,
  "success": false,
  "timestamp": 1777037632.850674
}