{
  "episode_id": 1,
  "total_steps": 20,
  "total_reward": -316.58393964226417,
  "success": false,
  "timestamp": 1776962476.223795
}