{
  "episode_id": 0,
  "total_steps": 20,
  "total_reward": -278.21580195271304,
  "success": false,
  "timestamp": 1776884732.749463
}