{
  "episode_id": 43,
  "total_steps": 20,
  "total_reward": -284.1342263666763,
  "success": false,
  "timestamp": 1777037631.826648
}