{
  "episode_id": 81,
  "total_steps": 20,
  "total_reward": -282.7489396156106,
  "success": false,
  "timestamp": 1777037632.4516711
}