{
  "episode_id": 46,
  "total_steps": 20,
  "total_reward": -252.39060157277285,
  "success": false,
  "timestamp": 1777037631.874963
}