{
  "episode_id": 10001,
  "total_steps": 20,
  "total_reward": -295.29459893382915,
  "success": false,
  "timestamp": 1776965916.8181603
}