{
  "episode_id": 72,
  "total_steps": 20,
  "total_reward": -283.17233557334487,
  "success": false,
  "timestamp": 1777037632.3044858
}