{
  "episode_id": 35,
  "total_steps": 20,
  "total_reward": -254.21403219251064,
  "success": false,
  "timestamp": 1777037631.6930351
}