{
  "episode_id": 28,
  "total_steps": 20,
  "total_reward": -241.59624164471612,
  "success": false,
  "timestamp": 1777037631.579274
}