{
  "episode_id": 1,
  "total_steps": 20,
  "total_reward": -285.41579092868443,
  "success": false,
  "timestamp": 1776884732.773449
}