{
  "episode_id": 54,
  "total_steps": 20,
  "total_reward": -321.5423112206855,
  "success": false,
  "timestamp": 1777037632.007902
}