{
  "episode_id": 77,
  "total_steps": 20,
  "total_reward": -288.2002671420561,
  "success": false,
  "timestamp": 1777037632.387074
}