{
  "episode_id": 67,
  "total_steps": 20,
  "total_reward": -312.75487011476207,
  "success": false,
  "timestamp": 1777037632.222309
}