{
  "episode_id": 106,
  "total_steps": 20,
  "total_reward": -338.15757268240407,
  "success": false,
  "timestamp": 1777037632.866851
}