{
  "episode_id": 29,
  "total_steps": 20,
  "total_reward": -363.2581663264636,
  "success": false,
  "timestamp": 1776883303.079596
}