{
  "episode_id": 56,
  "total_steps": 20,
  "total_reward": -277.19126584001754,
  "success": false,
  "timestamp": 1777037632.041876
}