{
  "episode_id": 26,
  "total_steps": 20,
  "total_reward": -234.10424177228978,
  "success": false,
  "timestamp": 1777037631.546422
}