{
  "episode_id": 107,
  "total_steps": 20,
  "total_reward": -333.2515947191087,
  "success": false,
  "timestamp": 1777037632.882987
}