{
  "episode_id": 83,
  "total_steps": 20,
  "total_reward": -279.9594536778543,
  "success": false,
  "timestamp": 1777037632.4885812
}