{
  "episode_id": 66,
  "total_steps": 20,
  "total_reward": -299.5878967796499,
  "success": false,
  "timestamp": 1777037632.2047858
}