{
  "episode_id": 10007,
  "total_steps": 20,
  "total_reward": -263.4623804168419,
  "success": false,
  "timestamp": 1776962408.803168
}