{
  "episode_id": 68,
  "total_steps": 20,
  "total_reward": -314.14012657293546,
  "success": false,
  "timestamp": 1777037632.23867
}