{
  "episode_id": 13,
  "total_steps": 20,
  "total_reward": -325.8346389351784,
  "success": false,
  "timestamp": 1776883302.844974
}