{
  "episode_id": 25,
  "total_steps": 20,
  "total_reward": -288.09345570240544,
  "success": false,
  "timestamp": 1776883303.01872
}