{
  "episode_id": 15,
  "total_steps": 20,
  "total_reward": -335.040840789599,
  "success": false,
  "timestamp": 1776883302.873706
}