{
  "episode_id": 88,
  "total_steps": 20,
  "total_reward": -313.9299507282824,
  "success": false,
  "timestamp": 1777037632.57036
}