{
  "episode_id": 23,
  "total_steps": 20,
  "total_reward": -311.1098966030187,
  "success": false,
  "timestamp": 1776883302.9892218
}