{
  "episode_id": 22,
  "total_steps": 20,
  "total_reward": -274.53530231694623,
  "success": false,
  "timestamp": 1777037631.481388
}