{
  "episode_id": 31,
  "total_steps": 20,
  "total_reward": -318.77668703112295,
  "success": false,
  "timestamp": 1776883303.1083992
}