{
  "episode_id": 32,
  "total_steps": 20,
  "total_reward": -236.063395725792,
  "success": false,
  "timestamp": 1777037631.6444411
}