{
  "episode_id": 91,
  "total_steps": 20,
  "total_reward": -280.47764666241494,
  "success": false,
  "timestamp": 1777037632.6206899
}