{
  "episode_id": 98,
  "total_steps": 20,
  "total_reward": -290.8881394278956,
  "success": false,
  "timestamp": 1777037632.736476
}