{
  "episode_id": 109,
  "total_steps": 20,
  "total_reward": -335.1517081029253,
  "success": false,
  "timestamp": 1777037632.9157891
}