{
  "episode_id": 37,
  "total_steps": 20,
  "total_reward": -230.43003304487453,
  "success": false,
  "timestamp": 1777037631.7284212
}