{
  "episode_id": 38,
  "total_steps": 20,
  "total_reward": -249.37279878652214,
  "success": false,
  "timestamp": 1777037631.744651
}