{
  "episode_id": 101,
  "total_steps": 20,
  "total_reward": -308.3175638464014,
  "success": false,
  "timestamp": 1777037632.785928
}