{
  "episode_id": 10006,
  "total_steps": 20,
  "total_reward": -249.79797484403863,
  "success": false,
  "timestamp": 1776965914.7705889
}