{
  "episode_id": 89,
  "total_steps": 20,
  "total_reward": -282.062656468617,
  "success": false,
  "timestamp": 1777037632.587453
}