{
  "episode_id": 25,
  "total_steps": 20,
  "total_reward": -235.5817078346021,
  "success": false,
  "timestamp": 1777037631.5300212
}