{
  "episode_id": 110,
  "total_steps": 20,
  "total_reward": -309.6569960236844,
  "success": false,
  "timestamp": 1777037632.931728
}