{
  "episode_id": 57,
  "total_steps": 20,
  "total_reward": -252.88318380222768,
  "success": false,
  "timestamp": 1777037632.058538
}