{
  "episode_id": 6,
  "total_steps": 20,
  "total_reward": -333.432884181701,
  "success": false,
  "timestamp": 1776883302.7452118
}