{
  "episode_id": 28,
  "total_steps": 20,
  "total_reward": -342.39096780707786,
  "success": false,
  "timestamp": 1776883303.06478
}