{
  "episode_id": 39,
  "total_steps": 20,
  "total_reward": -253.25823196415018,
  "success": false,
  "timestamp": 1777037631.76091
}