{
  "episode_id": 31,
  "total_steps": 20,
  "total_reward": -228.13851968664096,
  "success": false,
  "timestamp": 1777037631.628421
}