{
  "episode_id": 30,
  "total_steps": 20,
  "total_reward": -235.37450373816117,
  "success": false,
  "timestamp": 1777037631.6119978
}