{
  "episode_id": 1,
  "total_steps": 20,
  "total_reward": -307.8275505373558,
  "success": false,
  "timestamp": 1777037631.131474
}