episode,total_reward,final_health,r2_bonus,avg_r1,sum_r1,avg_r3,sum_r3,avg_r4,sum_r4,avg_r5,sum_r5,avg_r6,sum_r6
0,-241.3014689078501,0.26661458328366444,0.0,-11.375505181988663,-227.51010363977326,-0.25,-5.0,-2.669142097916171,-53.382841958323425,1.0,20.0,1.5,30.0
1,-226.08902716874348,0.26599352296407736,0.0,-11.302901787978852,-226.05803575957705,0.5,10.0,-2.731058137971841,-54.62116275943682,1.0,20.0,1.5,30.0
