{
  "t_statistic": 0.0,
  "p_value": 1.0,
  "significant": false,
  "cohens_d": 0.0,
  "effect_size_label": "small",
  "baseline_mean": -446.982047730319,
  "trained_mean": -191.02193346993062,
  "improvement": 255.96011426038837,
  "improvement_pct": 57.264070349027996
}