{
  "episode_id": 10000,
  "flags": [],
  "total_steps": 20,
  "wall_clock_seconds": 0.05817413330078125,
  "reward_clamped": false,
  "original_reward": -312.61760932014477,
  "adjusted_reward": -312.61760932014477,
  "is_flagged": false,
  "max_severity": 0.0
}