{
  "episode_id": 2,
  "flags": [],
  "total_steps": 20,
  "wall_clock_seconds": 0.017176151275634766,
  "reward_clamped": false,
  "original_reward": -210.24459727108143,
  "adjusted_reward": -210.24459727108143,
  "is_flagged": false,
  "max_severity": 0.0
}