{
  "episode_id": 1,
  "flags": [],
  "total_steps": 20,
  "wall_clock_seconds": 0.02138209342956543,
  "reward_clamped": false,
  "original_reward": -226.08902716874348,
  "adjusted_reward": -226.08902716874348,
  "is_flagged": false,
  "max_severity": 0.0
}