{
  "episode_id": 3,
  "flags": [],
  "total_steps": 20,
  "wall_clock_seconds": 0.017954111099243164,
  "reward_clamped": false,
  "original_reward": -268.17508973419973,
  "adjusted_reward": -268.17508973419973,
  "is_flagged": false,
  "max_severity": 0.0
}