{
  "episode_id": 0,
  "flags": [],
  "total_steps": 20,
  "wall_clock_seconds": 0.02024102210998535,
  "reward_clamped": false,
  "original_reward": -241.3014689078501,
  "adjusted_reward": -241.3014689078501,
  "is_flagged": false,
  "max_severity": 0.0
}