{
  "episode_id": 4,
  "flags": [],
  "total_steps": 20,
  "wall_clock_seconds": 0.016917943954467773,
  "reward_clamped": false,
  "original_reward": -187.6164158797534,
  "adjusted_reward": -187.6164158797534,
  "is_flagged": false,
  "max_severity": 0.0
}