{
  "episode_id": 10003,
  "flags": [],
  "total_steps": 20,
  "wall_clock_seconds": 0.06827473640441895,
  "reward_clamped": false,
  "original_reward": -251.67647175669288,
  "adjusted_reward": -251.67647175669288,
  "is_flagged": false,
  "max_severity": 0.0
}