{
  "episode_id": 1,
  "flags": [],
  "total_steps": 20,
  "wall_clock_seconds": 0.016814231872558594,
  "reward_clamped": false,
  "original_reward": -167.7921518419297,
  "adjusted_reward": -167.7921518419297,
  "is_flagged": false,
  "max_severity": 0.0
}