{
  "episode_id": 10005,
  "flags": [],
  "total_steps": 20,
  "wall_clock_seconds": 0.0640101432800293,
  "reward_clamped": false,
  "original_reward": -239.99978512471313,
  "adjusted_reward": -239.99978512471313,
  "is_flagged": false,
  "max_severity": 0.0
}