{
  "episode_id": 10007,
  "flags": [],
  "total_steps": 20,
  "wall_clock_seconds": 0.012902975082397461,
  "reward_clamped": false,
  "original_reward": -263.4623804168419,
  "adjusted_reward": -263.4623804168419,
  "is_flagged": false,
  "max_severity": 0.0
}