policy,avg_reward,std_reward,success_rate,num_episodes
baseline_adaptive,-430.9901113717765,42.86266988196586,0.0,6
baseline_frozen,-432.2825094704145,48.740332028157766,0.0,6
trained_grpo,-417.7739261778292,37.42571597900781,0.0,6
